epochs,loss
0,0.3076514681667372
1,0.16680284947749452
2,0.13237721169804267
3,0.11791491373141212
4,0.09962931078750517
5,0.08935684401506598
6,0.07962930079598368
7,0.06848530828535314
8,0.06365004994927947
9,0.04895873219818483
